WKT,name,description
"POLYGON ((106.7801398 -6.3157773, 106.77396 -6.3376161, 106.7736167 -6.3471703, 106.7705268 -6.3509237, 106.7712134 -6.3570655, 106.7629737 -6.3560419, 106.7585105 -6.3611601, 106.7482108 -6.3597952, 106.7451209 -6.3915268, 106.7399711 -6.4058565, 106.7368812 -6.4075624, 106.730358 -6.4276915, 106.7344779 -6.4321266, 106.7310447 -6.4467963, 106.8855399 -6.4601011, 106.8961829 -6.4341736, 106.8978995 -6.4041506, 106.895153 -6.3891384, 106.8862266 -6.3847029, 106.827175 -6.3734434, 106.7935294 -6.3649133, 106.7928428 -6.3468291, 106.7962157 -6.3477419, 106.7990226 -6.3342038, 106.8085753 -6.3156664, 106.7801398 -6.3157773))",Kota Administrasi Depok, Jawa Barat,
